Date,Open,High,Low,Close,Volume
1549900140,396589,396910.00363,396566.55,396727.99,17.45639546
1549900200,396708.77,396732.51,396633.33,396665.53,5.67817804
1549900260,396587.26,396684.01,396360,396360,12.18740184
1549900320,396360,396360,396119.26847,396159.26,16.66453474
1549900380,396097.33,396209.68,395975.24,396152,14.8221705
1549900440,396138.17864,396391.01,395665,396343.92,63.85915276
1549900680,396572.73,396668,396540.56,396567.00005,10.96652606
1549900740,396590.00005,396749.2,396588.74,396696.99,12.6285771
1549901040,396351,396559,396351,396459.26,8.1783193
1549901100,396475.85,396697.30182,396446.00995,396631.54,11.44494994
1549901160,396631.54,396631.54,396407,396566.01,6.26574854
1549901220,396552.99,396774.11,396503,396666.27,20.71540486
1549901340,396490.37,396512,395918,396226,27.99944192
1549901400,396230.99999,396332.14,396016.24,396274,12.892298
1549901460,396281.74,396380.33,395813.36,395990.53,45.08012648
1549901580,396229.28,396256.74,396137,396184,4.73170274
1549901640,396184,396184,396082,396082,1.32
1549901700,396107,396226.69,396107,396153,7.64481106
1549901760,396145.02,396245,396080,396094.96,10.42912812
1549901820,396088.01,396130.07,395958,395964,8.9251909
1549901880,396009,396023.82999,395980.87,395980.87,4.92445152
1549901940,395997.99,396161.82,395798.01,395849,20.67273304
1549902000,395888.01,396053,395723.14,395753.36,46.11768802
1549902120,396013.19,396234.42824,395888.00001,396215,21.95360968
1549902180,396212,396254.99,396104,396188,8.99665316
1549902240,396192,396210.04,396067,396093,22.84144872
1549902300,396099,396175.71,395892.70999,395892.70999,23.78147408
1549902360,395940.03,395945,395762,395830.96,30.03801422
1549902420,395827.99,395925.99005,395816.93,395903.99,16.61795872
1549902480,395908,395967,395818,395818,5.726278
1549902540,395866.45,396086,395864.99,396086,10.55928456
1549902600,396086,396107.9,395916.14,396019.83,12.85041476
1549902660,395987.42,396116.54,395212.01,395669.09007,88.64826792
1549902720,395635.87,395872,395166.99,395401.07,70.25856556
1549902780,395244.24,395593,394600,394991.12001,221.47956266
1549902840,394991.47,395378,394574.24546,394700.99,146.0255412
1549902900,394743.99,394752,393898,394602,241.25554418
1549902960,394594.99,395157.82,394496.53,394843.9,64.30357218
1549903020,394866.99,395531.8644,394866.99,394955.01,92.75894748
1549903080,394961.99995,395095.11,394404.01,395052.99,46.34413836
1549903140,395049.99,395338.98,394934.61,395121.15,44.69617834
1549903200,395112.09,395349.12,395091,395123,22.65064324
1549903260,395091,395165.35999,394768.98995,394860.62,38.20965654
1549903380,395098,395299.98203,395026,395197.76,12.11145944
1549903440,395245.99,395299.98203,395027,395172.99,11.56097234
1549903500,395206,395213.99,394757,395018.25,52.59249702
1549903560,394902.21,395014.51,394729.55,394922.99,20.4594216
1549903620,394899,394922.99,394619.98999,394847.18,38.05348768
1549903680,394798,394865.88,394464,394538.31,20.04465122
1549903740,394476.26,394975,394179.74,394634.75637,84.31021452
1549903800,394711.22,394931,394685.81,394756.02,20.94817402
1549903860,394775,394874.99,394637,394688,18.97588298
1549903920,394690.99,394743,394297,394405.01,40.62094598
1549904100,394842.25,394918.2,394791,394887.74,9.29366548
1549904160,394887.74,394948.00005,394712.21,394767.12368,20.82962084
1549904220,394781.01001,395022.83,394732.01,395008.74188,34.48702528
1549904280,395022.83,395116.74,394921.87,395113.74,12.74680136
1549904340,395074.66,395122,394991.71,395027,11.18659524
1549904400,395024.09,395441,395004.75,395167.9999,37.7447381
1549904520,394983.38,394989.74,394840.13,394986.74005,7.65977082
1549904580,394980.39,395091.44,394913.71,395021.1,10.57381774
1549904640,395021.1,395045.65,394892.57,394892.57,8.01423404
1549904700,394975.12,394975.12,394655,394907.99998,32.60000032
1549904820,394759.73,394891,394713.27,394891,15.17465098
1549904880,394878.47,394943.08,394779.44001,394798.33,4.64028216
1549904940,394782.44,394820,394744.14,394773,3.16290202
1549905000,394753,394897.28,394739.74,394877,6.92224376
1549905060,394910,394931.34,394799,394851,5.48275048
1549905120,394831,394871,394785.26,394785.26,2.216748
1549905180,394787.26,394903,394746.36,394850.3,10.94112026
1549905240,394780.58,394899.94,394675.26,394675.26,10.37251242
1549905360,395068,395286,394926.55,395286,16.98779252
1549905420,395219.74006,395370,395206.02995,395361.77,13.95344772
1549905480,395371,395371,395267.05001,395267.75,2.83901864
1549905540,395267.74997,395476.03,395267.74997,395353.22,7.3565155
1549905660,395776.99,395776.99,395368,395472.19,33.50968322
1549905720,395478.19,395584.71,395368.99997,395464.01,30.23948728
1549905840,395313.99997,395415,395106.99997,395223,26.57248478
1549905900,395191,395245.08995,395098.01,395218.94,3.30916414
1549905960,395233.99,395302.46,395124.08,395274.88,5.16482548
1549906020,395266,395276.55,395093.49,395099.26,5.74103456
1549906080,395123,395190.31,395113,395175,2.4569926
1549906200,395235.74,395235.74,395112.99995,395149,7.28662044
1549906260,395129,395345.88889,395114.81,395281.35,13.63207694
1549906320,395281.35,395297.86,395136,395198.83689,5.61989478
1549906380,395178,395212.22999,395150,395150,2.00265466
1549906440,395159,395180.99999,394894,394956.95,8.74325914
1549906500,394897.95,394984.12,394884.76,394966,7.31567912
1549906560,394943.58,394984,394886,394932.74,8.22953954
1549906620,394938.54,395202.84,394938.54,395199.84,21.25123498
1549906680,395203.48,395274.76,395057,395102.74,18.99820912
1549906740,395063,395165.8,395053,395134.95,4.91718626
1549906800,395100,395142.51,395100,395142.51,1.9086
1549906860,395106,395164,395072.08,395145.1,5.123398
1549906920,395115.03,395177.61,395106.03,395177.61,2.13092602
1549906980,395179.72,395247.1,395135.01,395240.00005,6.5006341
1549907040,395222.02,395222.02,395149,395208.98999,5.63172408
1549907100,395183.75,395269.65005,395107,395174.6,14.11561626
1549907160,395153,395358.11,395102,395339.56,29.8709544
1549907220,395302.74,395622.17,395292,395618.8695,28.50594036
1549907280,395622.9,395728.36778,395581,395588.29,31.96360164
1549907340,395586,395635.99,395511.16995,395591.01,14.91707116
1549907640,395962.66,396134,395918.07,395928.98,13.79937394
1549907700,395948,395974,395888,395929.04,11.49928502
1549907760,395968.76,396004.23,395778.04,395810.885,31.0943542
1549907820,395802.74,395802.74,395653,395695.05939,5.4426012
1549907880,395681,395681,395570,395671.26,18.20032956
1549907940,395571.26,395763,395570,395654,10.95833712
1549908000,395633,396002.33,395613.5,395797,31.09879516
1549908060,395842,395842,395702.93,395751,18.04546872
1549908120,395713,395730.29,395687.99,395698.23,2.3883102
1549908180,395695.23,395715,395374.49,395479.98,27.7065683
1549908240,395447.68,395561.16,395416.10995,395416.10995,11.85778402
1549908300,395413.01,395502.9,395373.67,395502.9,10.01637704
1549908420,395473.73433,395544.815,395387.48999,395387.48999,11.37900912
1549908480,395387.48999,395492.28,395331.71,395398,17.79302552
1549908540,395400.14,395406.14,395317.14,395359.49,20.76067196
1549908600,395355.89,395503,395293,395503,27.48021478
1549908720,395441.66,395517.75,395421.6,395471,6.47776586
1549908780,395451,395524.26,395446.79001,395506.99,7.9670373
1549908840,395507,395692.99,395460,395682.16397,16.14874724
1549908900,395692.98,395756.23,395665.01,395707,6.63113374
1549908960,395727.99,395766.24,395476.27,395476.27,25.59698762
1549909020,395463.69,395476.27,395384,395476.27,10.35336714
1549909080,395454.1,395494.99999,395402.04,395426.01,12.64676064
1549909140,395400,395469.01,395309,395411.44,16.05691352
1549909260,395669.99,395696.3,395526.9,395553,17.55512738
1549909320,395594.27,395944,395561,395714.6,51.61263784
1549909440,395756,395912.99,395669.97,395712,15.50086648
1549909500,395741,395745.99,395598,395632.02,9.63633888
1549909680,395633.33,395633.33,395525.92,395525.92,22.76036204
1549909740,395520,395620.06,395366.76,395404,23.91111452
1549909800,395419.99999,395419.99999,395264,395303,8.396032
1549909860,395346,395350.35,395183.1314,395262.01,5.9545882
1549909920,395279.26,395294.47999,395220,395248,0.7064692
1549909980,395248,395334,395231.00995,395252,6.92142622
1549910040,395252,395287.635,395224,395285.3,5.65273556
1549910100,395266.46,395354.5,395266.46,395334,6.65521362
1549910160,395369,395442,395351,395420.59,10.65882124
1549910220,395429.91,395464,395405,395450.99,4.87939908
1549910280,395479,395914,395398.5,395886,37.57178856
1549910340,395703.26368,395914,395572,395912,45.3785284
1549910400,395915,395947.74005,395761.56,395913.18,12.78508216
1549910460,395925.41,395951,395808,395906.5,12.73696586
1549910520,395920,396113.68,395920,396069.4,38.3113306
1549910580,396067.4,396071.99,395870,395988.47,12.10674588
1549910640,395981,396076.4,395914.58,396073.99005,13.3774146
1549910700,396073.99,396125,396040.72,396070,10.5873004
1549910760,396090,396100.98,396035,396061,3.4626771
1549910820,396060.99,396060.99,395986.12,396030,3.85947424
1549910880,396049.99,396065.99,395946.6,396010,6.44213258
1549910940,395991,396003.23,395743,395743,33.47677648
1549911000,395771,395803.12,395742,395767,3.18615558
1549911060,395766.01,395875,395758.94998,395875,15.06723392
1549911120,395845.86,395897.23581,395835.02,395887.99,4.51218522
1549911180,395887.99,395894,395817.26,395894,10.2028282
1549911240,395880.26,395940.47,395880.26,395937.5,1.04180818
1549911300,395918,395931,395856.06,395867.87752,2.07082824
1549911360,395924,395933,395808,395844.26,6.25037478
1549911420,395810.45,395854.61,395564,395656.57,39.88562942
1549911600,395759.71,395802.99,395688.26,395732.69745,17.20908922
1549911660,395743,395762.6825,395688.72,395688.72001,3.71109592
1549911720,395724,395743.95,395555,395604.53,29.93539044
1549911780,395611.55,395686,395609,395665,6.6791491
1549911840,395665,395685.96,395634.39,395634.39,0.67800004
1549911900,395633.37002,395660,395605,395630,1.90506146
1549911960,395630,395650.98,395579.94,395579.94,1.93774826
1549912020,395608.99,395671.25,395579,395631.99788,3.54130752
1549912080,395670.89,395789.84,395611,395779.6,18.65037888
1549912140,395781.82,395848.73005,395761.5,395834.43006,5.886281
1549912200,395840.74,395897.87,395811,395811,4.81537134
1549912260,395811,395861.95,395792.46,395792.46,2.24147426
1549912320,395774.69001,395851.78,395770,395770.00001,6.09936616
1549912380,395770.00001,395987.28,395739.81,395904.86,22.84738094
1549912440,395882,395954.99,395838.12,395929.99,3.13732906
1549912740,396094.87,396312.47,395954.92,396177,36.79416272
1549912800,396187.13,396187.13,396017.09,396128.98,7.63896642
1549912860,396128.98,396136.01,396097,396133.02,1.95671128
1549912920,396137,396271.44,396087,396199,9.875317
1549913100,396323.28,396371.01,396290.99,396357,10.86022436
1549913160,396353,396486.88,396332.26,396486.88,15.14899204
1549913280,396433,396480.1,396349.7,396349.7,15.85215
1549913340,396349.7,396479,396317,396447.43,51.86095538
1549913400,396440,396515,396391.95,396495,14.01622398
1549913460,396515,396618.43,396421.6,396482.8,21.8636213
1549913520,396478,396550.85999,396478,396528.99,5.73006454
1549913580,396551.87,396717.51,396414,396439.24578,35.4257843
1549913640,396520,396625.92,396338,396591.02,20.4497635
1549913700,396579.32,396607.64,396543,396565,21.93235182
1549914000,396349.18,396409.99,396269.48,396393,12.34392164
1549914060,396373,396376.01,396290.38995,396290.38995,8.1183464
1549914240,396235.00005,396460,396120.24,396131.3,36.7324055
1549914300,396120.24,396147,395948,396036.78995,15.6591349
1549914360,396019,396071.98,395958.01,396002.11,4.8473646
1549914420,395959.99995,396023.415,395928.30995,396003,3.16384538
1549914480,396027,396210.3,396008,396094.75,11.25289718
1549914540,396166,396412.75,396089.74,396328.13,21.0922444
1549914600,396356,396356,396230.33,396341.6,6.14962808
1549914660,396354.33,396427,396097.60001,396356.67,30.02101264
1549914900,396404.91392,396505,396312.44,396450,26.678426
1549914960,396430,396430,396265.26,396348,12.84598618
1549915020,396290.01,396370.4,396162.66,396341,17.90071102
1549915080,396369.4,396370.4,396273,396273,8.3222337
1549915140,396273,396473.15999,396067,396470.16,48.3708875
1549915260,396439.03,396900,396387,396730.4,48.78906278
1549915320,396763.56,396867.73599,396483.26,396489.26,34.93889298
1549915380,396505.86,396557.26,396172.32,396495,46.91047958
1549915500,396564,396691.93,396476,396676,13.02657128
1549915560,396695,396800.25,396645.05,396720.05,15.3264026
1549915620,396712.69,396882.24175,396683.6,396859,27.60005206
1549915740,396908.28,396919.99,396634.32262,396660,18.8454227
1549915800,396660,396771.14,396519.74,396620,19.51072994
1549915920,396331,396435.32,396188.16,396352.9,32.7498944
1549915980,396352.9,396475.91,396290.51,396381,25.2129399
1549916040,396413,396609.91282,396413,396539.45605,17.05277368
1549916100,396552.97,396650.32612,396320.57995,396617,30.53591184
1549916160,396554.95052,396620,396481.63,396571,10.5889439
1549916220,396554.02985,396599.01,396433.26,396480,9.58359082
1549916280,396469,396521,396450.14,396519.89,4.8013147
1549916340,396523.92,396545,396480.8,396489.99,8.45503568
1549916460,396391.87,396555,396307,396555,20.60801836
1549916520,396556,396776,396556,396771,8.76985028
1549916580,396722,396769.99999,396490,396554.74,20.63552026
1549916640,396497.76,396497.76,396347.41679,396437,9.41953082
1549916700,396435,396511.5,396435,396511.5,2.53501216
1549916760,396511.15,396573,396511.15,396573,3.60940906
1549916820,396593.66,396671,396566,396622.6,14.99444802
1549916880,396626,396659.99,396410,396578,51.87109356
1549917060,396345.7,396458,396325,396394.74,12.6737502
1549917120,396417.97,396496.88,396397.76,396445,8.4804402
1549917180,396442,396516.01,396437.39689,396516.01,3.93952744
1549917240,396486.75,396486.75,396401.56,396417,7.86282276
1549917300,396455.43,396572.42999,396415,396444.42999,12.3157528
1549917360,396463,396624.48,396463,396606,12.03583334
1549917480,396425.42772,396598.42,396398.94,396553,10.90919712
1549917540,396578,396598.42,396440,396489,10.24914468
1549917600,396495.01,396549.6942,396493,396549.6942,2.962
1549917660,396537.96,396636,396480,396636,14.35882292
1549917780,396433.2,396480.38,396348,396348,26.80484122
1549917840,396348,396392.77,396348,396380,2.24
1549917900,396348,396443.66,396252,396413,39.30105682
1549917960,396400,396511.33,396380,396479.32,6.95117004
1549918020,396468,396628.56,396468,396524.59,14.02910174
1549918080,396514.37,396523,396323.53,396331.28,15.76261134
1549918140,396322.89,396322.89,396012,396012,41.96293582
1549918200,396033.99,396184.27,395938,396118,19.39573462
1549918260,396097,396097,395634.06,395838,60.26113876
1549918320,395858,395978.03,395689.01,395856.41,37.88873638
1549918380,395857.51005,395871,395686.27,395686.27,19.91563556
1549918560,395682,395881.78494,395650,395855.44,82.58414126
1549918620,395861,396059.99,395861,396005.74,56.9049271
1549918680,396004,396004,395867,395885.92,18.62560142
1549918740,395878,396142.42,395866,396087.51963,10.42630282
1549918800,396087.51963,396146,395980.09,396028.24005,21.78588632
1549919040,395573,395895,395570,395625,36.82380896
1549919100,395625,396108.43,395597,395975.45365,56.9772883
1549919160,395968.34319,396102.88,395508.85,395701.74,51.47256202
1549919220,395691,395876,395603.5,395876,17.93488418
1549919280,395877,396067.74,395859.99995,395889.99995,17.8889469
1549919400,396010.41,396035.55,395796.24,395874,6.81252892
1549919460,395883.71,395956.45,395863,395944.42,1.32174314
1549919520,395890,396055.45,395890,396005,7.61850452
1549919580,396066.72,396108.43,396020,396036,6.55298192
1549919640,396035.02001,396070.99005,395781.5,395781.5,20.75274244
1549919700,395775,395914.11,395743.65,395850,10.06653778
1549919760,395846.89,396024.95,395820.11,395995.65,13.23417166
1549919820,395963.68,396016,395932,395951.22,6.6244
1549919880,396004.07,396015.28,395926.01,395975,6.26608196
1549919940,395997.99,395997.99,395933,395978.53,5.20822996
1549920000,395951.55,395993.98,395940,395980,3.59780026
1549920060,395973.96,395984.99,395858.955,395858.955,16.86319596
1549920120,395893,395901.99995,395782.33,395872,14.48684734
1549920180,395886,396065.16,395871.71,395880,26.38743364
1549920300,395845.76,395867.16,395779,395830,7.65212354
1549920360,395838.99,395896.97,395818.05,395896.97,3.61277436
1549920420,395886.97,395906.3,395804.45,395819.91,11.84280356
1549920480,395826.29,395908,395427,395600.26,66.69597014
1549920600,395723,395792.3325,395703,395735.38,9.21583076
1549920660,395743,395815,395634.12,395634.12,14.31442672
1549920720,395650.29,395723,395473,395674.73,44.63292946
1549920780,395659.94,395782,395628.25,395750,7.53099392
1549920840,395777.99,395778,395719.01,395734,3.198
1549920900,395772,395772,395705,395743.66,2.05779162
1549920960,395743,396026.61,395683,396025.99,44.03621656
1549921020,396040,396149,395992.42602,396123,25.11887234
1549921080,396148.99,396225.705,396081,396114.62,16.77879536
1549921140,396146.99,396179,396092.7,396179,2.45418054
1549921440,395477,395561.911,395470.049,395531.7,4.42403784
1549921500,395561.82,395561.82,395242,395285.53629,41.18391958
1549921620,395518,395591.88,395511,395550.02,6.220558
1549921680,395590.87,395590.87,395480.99,395560.99,8.31476774
1549921740,395555,395581.23,395443.32,395580.22,24.19389256
1549921800,395587.88,395768.22,395560.22,395606.21,46.78637754
1549921860,395606.23,395613.99,395231.02,395421,34.64509074
1549921920,395353,395437.74,395277,395426.74,9.62797824
1549921980,395440,395460,395385,395411,4.95007336
1549922040,395413.83,395468.19,395368.74,395438.19,12.5565896
1549922100,395432.19,395477.74,395125,395152.48,28.53263544
1549922160,395202.38,395202.38,395202.38,395202.38,0.016
1549922760,395266.13999,395414,395134.41825,395284,39.10589444
1549922820,395365,395441,395015.01,395190,62.58747912
1549922940,395207,395227,395011.48,395018.8575,18.03452068
1549923000,395011.48,395151.92902,394930,395100.01005,24.4124286
1549923060,395067.31,395164.99,395005.27,395091,7.6862077
1549923300,395709,395869,395644.5,395736.88,21.2036279
1549923360,395736.88,395842,395695.43,395817.99,8.76603228
1549923600,395819,395950.14,395757.16,395950.14,4.75243106
1549923660,395942,396043,395942,396023.22,9.25522926
1549923720,395981.29,396073.14,395981.29,395988.14,5.32997328
1549923780,395994,396142,395975,396142,19.48500966
1549923840,396026.23,396156,396016.00001,396080,7.70407594
1549923900,396080,396203,396041.12191,396047.24,12.10550004
1549923960,396086,396121,396050,396066.39,5.81520546
1549924020,396080,396120.25,395993.28,395993.28,14.34721426
1549924080,395980.35,396039,395931.25,395968.44,22.8897465
1549924140,395956.77,395989.09,395891.2,395947.09,8.30970438
1549924200,395947.09,395954.06,395848,395848,1.95704448
1549924260,395846,395881.26,395807.63528,395860,4.02284938
1549924320,395863,395863,395699,395714,6.72916996
1549924380,395742,395757.6,395624.14,395663.60252,4.21512124
1549924560,395616.29,395721.58602,395566,395674.65,13.83042534
1549924620,395660.67,395665.33,395576.2,395579.83,11.96536988
1549924680,395585.54,395706,395550,395671.57,9.64013976
1549924800,395907.73,396189.02,395901.89,396155.37,36.6954386
1549924860,396163.25,396407,396163.25,396294.23,25.16954016
1549924980,396510,396564.01,396289,396361.23,17.44155516
1549925040,396357.02,396359.28,396197.84,396199.84,26.51990264
1549925100,396237.74,396319.84001,396199.84,396252.01,8.2851605
1549925160,396265.02,396320.73,396215.16,396320.73,5.99228794
1549925220,396276.01,396416.945,396276.01,396362.98,5.23587964
1549925280,396360.01,396432.73,396351,396377.49,6.21718364
1549925340,396375.19,396468,396320.94,396462.24,8.00424928
1549925400,396435,396584.99,396435,396564.99,4.31777258
1549925460,396586,396612.99,396467.00001,396506.75,12.37848078
1549925520,396521,396521,396338.7,396340.982,9.76859734
1549925580,396314.75,396359.22,396286,396315,2.90942642
1549925640,396290,396330.255,396248.99995,396248.99995,5.05291642
1549925700,396243,396251,396169.44,396197,5.52446302
1549925760,396200.01,396236,396118,396182.652,11.61132484
1549925820,396135.75,396138.52,396025.46885,396063.65,6.60196868
1549925880,396060.35,396086,396000,396063,13.00587858
1549925940,396087,396110.44,396042.75,396072,10.09106236
1549926000,396068.1,396097,396014.01,396037,3.23339284
1549926060,396071.99,396105,395826,395884.76,50.05113494
1549926120,395866,396096.06,395858,396030.01,20.69918872
1549926180,396021.74,396128,395943,395947.75,19.33120852
1549926240,395991.7,396043,395855.88,395855.88,13.14127938
1549926300,395869.27,395933,395816.02,395834,21.09225382
1549926360,395901,395901,395641,395645.01,17.84820558
1549926420,395648.31,395654.33,395481.3,395483.17,11.4894214
1549926480,395508,395623,395382,395505.01,39.99583282
1549926540,395486.87,395763.75,395486.87,395749.75,14.0376905
1549926600,395736.01,395824,395673.97001,395778.99,16.31071406
1549926660,395744.99,395770,395635.2,395675.59,20.88669342
1549926720,395709.88,395837,395657.96,395834.99,11.28086382
1549926780,395801,395855.99999,395768,395825.99,5.6754621
1549926840,395831,396030.12,395776.44,396022.59,22.26910616
1549926900,396029.99,396138.99,395964,396042.47,31.63297214
1549927020,395840.81,395840.81,395729,395733,5.84351894
1549927080,395710,395740.99995,395647.52406,395685.00224,6.21736924
1549927140,395685,395700.86,395583.64,395637.02692,7.36261196
1549927200,395635.6,395691.99,395607.25,395647.68995,8.69509638
1549927260,395653.99,395771.25,395641,395725,13.34952406
1549927380,395766.24142,395891.44999,395766.24142,395860.18921,1.84799378
1549927440,395872,395888.16,395720.27,395821.44,21.42009876
1549927500,395816,395902,395816,395902,6.27386778
1549927560,395879,396002,395874,395964.6,29.19888288
1549927620,395927.82,396053,395910,396053,15.2879134
1549927680,396019.01,396116,395800,396069.99,35.1614395
1549927740,396070.00001,396072.99006,395930.6,395930.6,6.19101908
1549927800,395927.6,395927.6,395746.13,395758,21.67620112
1549927860,395754.91,395830.88,395704.32,395760.32,11.75195174
1549927920,395709.825,395709.825,395608.64,395608.64,2.44604876
1549927980,395612.78,395680,395608.63995,395666.11,4.20374538
1549928040,395686.66,395692.03,395529.25,395577,21.54258706
1549928160,395706.01,395789.5,395651.72,395654.72,15.3926249
1549928220,395634.66,395673.72,395515.02,395602.02184,16.25366774
1549928340,395352.2941,395465.73995,395212.36,395294.01,34.66026874
1549928400,395273.12,395344,395204,395303.73995,20.77077508
1549928460,395297,395367.5,395246.68,395247.01,8.7055764
1549928520,395252.01,395257.01005,395142.01,395194.50373,8.3020789
1549928580,395185.66,395259.25,395152.66,395251,12.0130979
1549928640,395222,395361.52,395203.96,395300.01,14.12021412
1549928700,395308,395367.99,395256,395287,6.92423384
1549928760,395264,395369.05,395264,395351.59,7.37622512
1549928940,395355.73,395476,395319.50517,395452,15.61101228
1549929000,395425,395549,395357.72,395522,27.78182328
1549929060,395549,395740.6,395522.54001,395654.61299,29.38642298
1549929120,395730.05,395739,395621.59995,395630,7.35445212
1549929240,395626,395678,395542.79,395627.99,24.50461758
1549929300,395625.01,395647.83,395555.25,395575.35,13.91797338
1549929360,395621,395638.62661,395560,395571,11.054262
1549929420,395571.01,395670,395571.01,395624,9.52350458
1549929480,395624,395663,395590,395630,6.0625612
1549929660,395353,395420,395316.72,395396.97,11.29439162
1549929720,395427.04,395514,395370,395401,25.99776724
1549929780,395410,395410,395027.19133,395180,27.6795927
1549929840,395166.99,395199.99,394746.58,394849.48,63.29073462
1549929960,394744.00005,394855.01,394464.17813,394484.63,36.06041056
1549930020,394487,394767,394463,394760,21.5047898
1549930080,394759.99,394972,394738.99,394935.24,34.25016514
1549930200,395151.81016,395230,394895.86,394911.65,24.31765288
1549930260,394892.62,394927.02,394500,394679.33,36.62547768
1549930500,393419.1,393695,391828,393105.42,210.44368976
1549930560,393102.46252,393750.54243,392723,393017.81,134.78145932
1549930680,390937,392853,390635,392051.13,269.38364434
1549930740,392167,392959.57,392031.25,392439.71,147.71858152
1549930800,392375.07,392446.61,391200,391483,137.3769447
1549930860,391477.5,391945.52,391239.57,391902.36999,107.86934814
1549930920,391863,391987.73,391603.01,391919,41.54238324
1549930980,391922.01,392279.34623,391680.84,392101.96,39.68872488
1549931040,392030.01,392413,391975.37,392007,32.45077736
1549931160,392278.96,392745.55,392216.02,392428,46.80159822
1549931220,392474.08,392696.12,392380.96,392696.12,41.91474026
1549931280,392668.74,392804.71,392583,392804.71,16.34224816
1549931340,392747.54,393183.75,392723,393038.16,32.44162002
1549931460,393147.82,393184.74,392601.28,392804.99,36.9714115
1549931520,392761,392803.43,392338.81,392338.81,42.00787904
1549931580,392411.52,392473,392215,392317.99999,39.64473038
1549931640,392344.31,392782.65795,392162.24,392589.2,40.68910626
1549931700,392782.65795,393312.90495,392613.75328,393072.9,75.354534
1549931940,392879.99995,393107.98,392834.3,393103.99995,15.70961018
1549932000,393118.01005,393192,393061.08,393142.75,16.76257584
1549932120,392999.37387,393278,392938.12,393278,21.42445138
1549932180,393278,393295.26,393172.01,393205.74,9.5920992
1549932240,393246.82,393500,393209,393450,19.69339442
1549932300,393454,393664,393375.7,393664,39.94820256
1549932360,393613.28,393693,393159.71,393371.56,33.1950357
1549932420,393371.56,393512,393322,393471.26,8.34247194
1549932480,393418.55,393522.74005,393418.19438,393522,6.5842735
1549932540,393557.74,393709,393504.86,393596.64,8.91824724
1549932600,393667,393780,393594.02,393691,9.57472232
1549932660,393675,393713,393571.31,393709,13.04148442
1549932720,393700,393781,393438.01,393470.99994,22.49866676
1549932780,393437,393466.74,393300,393367.51,38.95152758
1549932840,393378,393464.65,393300,393394.87182,24.14846088
1549932900,393390.24,393422,393267.57995,393341,6.74683232
1549932960,393333.95,393409,393114,393252.56,22.8779692
1549933020,393406,393495.42,393131,393333,19.73956334
1549933080,393331,393378.99,393217,393217,9.56634574
1549933200,393197,393293.09,393186.87995,393271,7.06394676
1549933260,393300.75,393300.75,392961.85,393059.01,23.85603114
1549933320,393060,393115,393025,393025,10.8466755
1549933380,392977,393034.38,392942.25,393030,5.30726278
1549933440,393030,393259.22813,393010,393190.70087,23.62972804
1549933500,393191.7,393303.71,393130.51,393249.78388,9.86798528
1549933560,393178.34,393227.90383,392878,393056,68.6415745
1549933620,393078.66999,393078.66999,392843.7,393031.75,45.70608784
1549933680,393029.92,393183.98,392942.3,393136,19.09081468
1549933740,393156,393164.29,393054.99995,393098.26,11.37924026
1549933800,393093,393236,393069.72,393233.86,23.10612522
1549933860,393236,393314.16999,393195.02,393297.38,18.57455246
1549933920,393271,393456.95201,393228,393447.16,22.12101694
1549933980,393343.525,393652,393343.525,393517.84,23.70181266
1549934040,393561,393582.10999,393473,393518.29,8.33759102
1549934100,393535.74,393570.09,393501,393516,6.64
1549934160,393549.00001,393566.39,393430,393472.74,35.661605
1549934220,393437.74,393469.35,393169.35,393279.51,28.04973906
1549934280,393250.38,393322.42,393192,393288.03,10.92914174
1549934340,393231.75005,393402,393184.02,393352.24,8.61483158
1549934400,393292.74,393386.99,393201,393386.99,15.72553158
1549934460,393322.02,393776,393307,393665.41,26.31834906
1549934580,393483.99,393609.25,393451,393477.1,4.54748738
1549934640,393451.56,393603.34,393437,393541.74,7.44826132
1549934700,393540.76,393670.48999,393462.56,393525.74,13.93365894
1549934760,393555.74,393680.7,393519.75,393531,6.49073566
1549934820,393571.49,393677.15499,393521.75,393616.11,19.2336956
1549934880,393619,393619,393490.26,393502.15001,11.11289604
1549934940,393498.44,393567.34,393469.42001,393563.94,6.33489132
1549935000,393540.74,393671.28,393474,393599.76001,18.12550328
1549935060,393641.17,393642.89,393563.00661,393566.97,2.44587598
1549935120,393561.23,393663.83,393552.29,393622.13262,18.13823844
1549935180,393622.13262,393785.31,393614.12,393781.74,10.8095487
1549935240,393726.01,393924,393726.01,393840.22,11.97678036
1549935300,393848.41,393909.87,393809.23,393848,5.83729088
1549935360,393854.29,393927.97,393826,393826,13.15540902
1549935420,393851.56,394096.25,393764.81,394044.03,44.60647666
1549935480,394013,394091,393839.82995,394000,18.04886008
1549935540,393996.99,393996.99,393829.1,393885.34,12.43313212
1549935600,393843.96,393869.99,393745,393770.47,4.0220545
1549935660,393788,393788,393451.45,393576.67,42.29531488
1549935720,393513.29,393643.26,393470.93,393532.01,10.26321366
1549935780,393578.26,393832,393507,393507,23.56468144
1549935840,393507,393735,393465.09,393655.93,14.83733254
1549935900,393645.32,393734.97,393590.25,393663,10.02381922
1549935960,393682,393753.67,393625.11,393676,7.85018542
1549936020,393688.94,393870,393683.31,393807.91,8.34694412
1549936080,393846.77,393870,393722.47,393744.66,11.188466
1549936140,393779.26,393950.84,393712.06,393871,10.94629578
1549936200,393871,393949.78,393858.71,393862.74,1.27408476
1549936260,393933.02,393940.58,393807.31,393817.41,5.64525136
1549936320,393812.72,393950.84,393781.26,393857.74,6.72254628
1549936380,393852.75,393929.25,393850,393929.25,7.4960768
1549936440,393827.56,393865.35,393757.17,393757.17,3.15985194
1549936500,393758,393782.33,393666.99999,393666.99999,15.05299392
1549936560,393657.23,393695.53,393539.33001,393581.49,11.47948232
1549936620,393543.32501,393555.15,393328.23,393414.05,23.46005884
1549936680,393428.895,393487.22,393141,393248,51.1905235
1549936740,393239.2,393344.92,393202.76,393339.29005,15.85951484
1549936800,393345.29,393433,393213,393312.3,16.96180774
1549936860,393246.19,393444.57,393053.74,393425,52.67579302
1549936920,393247.39,393283.05,393121.79995,393169.75,17.51383606
1549937160,393154.21,393217,392861.2,393089,63.65486424
1549937220,393172.99,393273,393102.16995,393196.26,13.01968756
1549937280,393209.53005,393273,393130.18,393154.96,7.965886
1549937340,393190.26,393476,393112,393389.99,47.95533496
1549937520,393407.71,393407.91,393260.03,393289.7,4.014936
1549937580,393292.01,393337.81,393248.26,393337.14,2.11930002
1549937640,393324.99,393420,393324.99,393382.99,7.06013286
1549937700,393383.701,393448,392991,393377.74,48.0846568
1549937760,393377.74001,393458.99,393341.81,393440.28,7.95585932
1549937880,393465,393491.05999,393390,393429.76,5.4588404
1549937940,393443.69,393599.29,393400.995,393511.58001,8.5114045
1549938000,393552.84188,393713,393517.36,393617.09,12.33865368
1549938060,393619.18,393682.87,393568.28,393568.28,3.15994144
1549938120,393560.5,393588.96,393413.75401,393588.96,13.49735154
1549938180,393578.64,393644.99999,393573.35,393634,8.5402207
1549938240,393645.93,393700.65,393570,393621.7,16.79859016
1549938300,393609,393619.96999,393428.99,393488.75829,16.51684948
1549938360,393449.92,393450,393343.99995,393349.42,8.8310115
1549938420,393378.99999,393462.69,393320,393409,10.86616706
1549938480,393409,393424.97,393345.01,393410.94,3.62008904
1549938540,393411.65,393490,393342.66,393434.99,9.85205492
1549938600,393444.88,393568.17,393411.70476,393564.14,9.62627994
1549938660,393555.17,393636.19,393533.51,393598,7.90235282
1549938720,393598,393598,393508.01,393562.99,1.53382604
1549938840,393538.99,393561,393400,393405.4426,23.80775306
1549938900,393405,393458.41,393400,393400.3,3.91390026
1549938960,393456.93,393648.96,393432.60938,393512.38,33.0945746
1549939020,393543.12,393642.11,393476.12,393598.03,10.613505
1549939080,393589.51,393643,393531.75,393604.32,9.91106674
1549939140,393579,393627.85,393475,393531.351,19.93853834
1549939200,393519.2,393626.75,393496.75,393581.99,11.99222822
1549939260,393577,393775,393563,393594.8,15.1321211
1549939320,393594.8,393623.001,393548.765,393554.29,5.61
1549939380,393549.74,393563,393400,393400,46.38789068
1549939440,393400,393462,393344.12,393413.26,55.99065224
1549939500,393398.97,393419,393356.17,393362,1.86531602
1549939560,393421.51,393466.99,393392.4,393398.9,8.48331998
1549939620,393429.11,393448,393394,393435.99,1.9348634
1549939680,393455.72,393468.99,393450.99,393468.01,1.534
1549939740,393468.3,393559.88,393468.01,393497.99,7.5211901
1549939920,393305.8125,393319.99,393204,393283.23415,22.09341072
1549939980,393249,393275,392849,392956.83,132.65399054
1549940040,393027.29834,393240,392514.45886,393086,107.96692518
1549940100,393051.75,393086,392958.00001,392982.8798,5.71435528
1549940160,393000.26,393038,392849,392888.74,11.13910178
1549940220,392891.74,392974,392808,392836.64,15.1039061
1549940280,392862,392911,392710.8,392765.47,62.29925604
1549940340,392732.97458,392857.44,392600,392672.86,144.98861826
1549940400,392714.11,392779,392619.85,392713.26,35.67029218
1549940460,392736.478,392939.1,392646,392937.74,21.81695428
1549940520,392900.25,393017,392862.01,392992.24,7.61400324
1549940580,392992.24,393015,392870,393001.3197,10.24405438
1549940640,393012.97999,393079,392928.86001,392932.16,10.39676064
1549940700,392990,393053,392951.61,392971.74,10.9236928
1549940760,392982.26,393219.77,392982.26,393103.4972,29.44900898
1549940820,393106.74,393267,393025.66,393259,17.72837844
1549940880,393297,393434,393036.83,393114.08,83.13392018
1549940940,393114.08,393114.08,392947.31534,392974,17.61768974
1549941000,392995,393003,392814.75791,392956,15.9740614
1549941240,393214.53,393322.84,393202.19,393264,8.45457754
1549941300,393247.88,393380.99,393247,393307.37,7.17103672
1549941360,393332,393384,393232,393352.37,65.53884532
1549941420,393343.34,393349,393343.34,393349,0.03368664
1549941540,393531,393764.76,393426.78,393475,57.58970094
1549941600,393473.98999,393499.84,393228.79,393250.33,27.27432354
1549941780,393307.99999,393378.72,393242.35995,393272.56501,16.94760036
1549941840,393274,393353,393222.9,393294.74,15.57407006
1549941900,393279.74,393287,392781.19991,392938,148.30549468
1549941960,392946.99,392989.47,392350.43,392857.01,157.90150304
1549942020,392837.29039,392964.99,392800,392876.13,22.8947394
1549942080,392885,392962,392884.15,392942.26,3.6168445
1549942140,392955.97,393035.05,392916,392951.87995,6.74160982
1549942200,392945.35,393049.2,392800,393030.01,30.85130614
1549942260,392988.27,393136.86,392951.41,393136.86,10.4849398
1549942320,393158.00005,393175.03,393064,393150.26,13.13881144
1549942380,393150.26,393190.5997,393050.54,393170,3.301877
1549942440,393171,393400,393171,393395.99,22.53279246
1549942500,393400,393514,393339.04,393379.48,16.4283575
1549942560,393376.48,393522,393300,393494.78,15.96244704
1549942620,393494.78,393524.99,393419,393521.98,7.74019524
1549942680,393521.99,393590.75,393475.76,393501.45,12.55117172
1549942800,393478,393490.46995,393355,393464.69,45.3715488
1549942860,393464.99,393648.88467,393440.3,393515.91,15.65901094
1549942920,393519.34,393584,393375.48,393517.99,96.93953682
1549942980,393477.12,393936,393402.03,393840,56.4639288
1549943040,393823.47,394008,393772.03,393896.01,26.06280682
1549943100,393896,393957,393711.24,393717,14.2006888
1549943160,393717.35,393808.79663,393700,393758,8.50844056
1549943220,393737,393913.99,393700,393894.98,21.51852168
1549943280,393889.96,393998,393814.36,393826.31,15.85182484
1549943340,393829.26,393889.26,393546,393661.74,39.82053372
1549943400,393661.74,393829,393661.74,393741.09,9.62414842
1549943460,393774.24,393833.2,393662.8,393733.26,19.26608374
1549943520,393736.26,394024,393713.58,394024,16.7478435
1549943700,393890.65,394061,393887.65,393940,11.02355192
1549943760,393932.26,394052.99,393864.16,394015.74,5.21267056
1549943820,393983.09,394054,393923.02,393997.52,3.05497186
1549943880,394015.23,394262.96,393900,394144.14,41.09534004
1549944000,394154.46,394179.22,394042.34,394044.84,17.08330398
1549944060,394104.99,394607,394086.63,394366,115.4230178
1549944120,394372,394495.04,394300,394494.04,25.22482182
1549944180,394434.35,394560.95,394366,394369.73,22.53169916
1549944240,394474.1,394495.03,394366,394472.03,7.67425666
1549944300,394431.86,394480.9,394333.62,394351.13,10.82637514
1549944360,394426.07,394460.12,394300,394300,19.95273762
1549944420,394300,394317,394171,394238.44001,32.95140024
1549944480,394244.79,394300,394156,394181.99,11.82296896
1549944540,394156,394160.98999,394108.12,394108.12,2.96259016
1549944600,394105.12,394164.72,393586,393771,48.28018032
1549944660,393604,394057.54,393604,394015.75,23.48311298
1549944720,394012.74,394404,393992,394246.52,47.3351544
1549944780,394240.52,394420.94,394161.36,394388.26,9.53569748
1549944840,394419.94,394419.94,394123,394124.88749,30.23517292
1549944960,394149.63005,394304.85969,394089.68,394304.85969,9.27837392
1549945020,394304.85969,394418.98,394279.0675,394391.98,7.80236026
1549945080,394382.98,394446.75,394340.4,394414.01,4.23520502
1549945140,394390.15,394430,394300.25,394430,17.35710962
1549945260,394490.3,394618,394484,394617.99,18.86007624
1549945320,394534,394643.3,394523.25,394616,3.6274157
1549945380,394609,394732,394583.32,394626.99,17.9305344
1549945440,394626.99,394726.99,394571.8,394636.29,6.8568654
1549945500,394647,394647,394500,394520.00001,9.58185588
1549945560,394540,394565.81,394277.53824,394373,42.72235944
1549945620,394338.09,394442.38,393952.55,394391.26,52.68357538
1549945680,394401.27,394432.28,394337.56,394427,17.0541272
1549945740,394445,394588.34005,394352.77,394497.75001,28.86239146
1549945800,394531.49,394531.49,394300,394482.38,32.25479824
1549945980,394380.905,394466.04,394362.44,394381.56,11.9482125
1549946040,394381.56001,394431.37,394306.19,394377,9.13139446
1549946100,394386,394424.42,394321.7,394411.99,10.18360548
1549946160,394398.94,394420.79,394300,394328.08,6.79299478
1549946220,394328.43,394444,394301,394377.65,28.48733096
1549946280,394374.51,394443,394325,394386.66,20.529667
1549946340,394390.37,394417.06,394325.75001,394408.82,5.36424964
1549946400,394364.62,394531.97,394364.46,394510.98,14.38744716
1549946460,394469.9,394569.9,394422,394515.28,18.29483792
1549946520,394508.1,394508.1,394508.1,394508.1,0.014
1549946520,394508.54,394568,394453.2,394557.46,13.79989704
1549946580,394557.46,394920,394516,394558.13,108.01134404
1549946820,394486.72,394503.4,394435.46,394450.04,5.02982426
1549946880,394471.84,394522,394442.3,394452.71,13.90785126
1549946940,394452.71,394499,394400,394401,14.39066364
1549947000,394400,394457.61,393926,394195.81,100.11833304
1549947060,394177.39,394319.16,394081.74,394293.39005,50.82283228
1549947120,394295.26,394364,394192.26,394192.26,10.62677424
1549947180,394171.12,394333,394145.1,394328,10.51390236
1549947240,394325,394503.99,394325,394410.77,35.34524696
1549947420,394344,394403.99,394250.29,394355.51,10.65232524
1549947480,394353.99,394526.34356,394333.73,394478.28287,32.01480756
1549947600,394460,394508.39,394351,394366.35,12.3175175
1549947660,394370.44,394370.44,394188,394225.26,21.9988963
1549947780,394186,394428.73,394055.50001,394135.99102,29.61244324
1549947840,394149.74,394211.68,394081,394100,16.67643904
1549947900,394100,394300,393822,393891,55.58180686
1549947960,394014.99,394111.14,394000,394093.38,36.40259642
1549948020,394020.57,394074.27,394000,394000,13.64148924
1549948080,394000,394129.37,393990,394106.22,16.99665252
1549948140,394129.01,394264,394006.01,394040.99999,23.42372054
1549948200,394040.98999,394040.98999,393932,393996,8.10697042
1549948260,393945.05,393993,393883.11,393953.87,11.86857364
1549948320,393953,394049,393881.00001,393923.72995,18.87001504
1549948380,393885,394147.75,393882.00001,394071.74,20.45721516
1549948440,394027.85,394221,394020,394177.01,12.7918269
1549948500,394173,394200,394108,394183.44,14.09204388
1549948560,394155.05,394200,393956,394181,26.10220122
1549948620,394180.99,394231.5,394141.93,394219.76,4.13724448
1549948680,394161,394328.79,394148,394328.79,10.11623868
1549948860,394365.81,394444,394299.79,394439.98,8.41951738
1549948920,394412.01,394517,394347.17,394499.99,11.02506288
1549948980,394519,394841.64,394470,394660,71.5577186
1549949100,394660.99,394908.5,394660.99,394749.45,35.39236614
1549949160,394800.99,394895,394651.7,394673.19995,44.44446998
1549949280,394746,394830,394610.28001,394610.29,42.55588258
1549949340,394610.28002,394727,394600,394603.99,28.2766372
1549949400,394670,394797,394635.52,394751,13.46365974
1549949460,394770,394887,394690.31,394723,16.42817308
1549949520,394703.74,394745.31005,394671.48,394671.48,0.26329954
1549949580,394668.97,394759.01,394664.5,394759.01,3.45033822
1549949640,394754,394754,394645.3,394699.01,9.86126794
1549949760,394682.02,394773.29,394623,394674,6.56253144
1549949820,394626,394648.58407,394500,394562,19.69614962
1549949880,394566.98,394782.55,394554.78,394706.94896,9.4582521
1549949940,394706.42,394782.29529,394652,394682.22667,5.3525338
1549950000,394698.69,394718,394632.26,394671.89,3.78755216
1549950060,394674.86,394736.51,394580.85,394622.06,9.55673998
1549950120,394586.95,394586.95,394437,394500.85,11.22023972
1549950180,394500.85,394567,394300.29,394300.29,28.70372452
1549950240,394332,394362,394241,394307.97,11.98997914
1549950300,394265.01,394372.65,394227.00001,394319.98,25.32722576
1549950360,394303,394331,394250.90001,394279.48,5.61263708
1549950420,394268.54,394373.74005,394250.90001,394255.19,27.91507358
1549950480,394260.04,394460,394251.90001,394347.69,14.34557754
1549950540,394350.31,394397,394250.90001,394267.79348,8.75104868
1549950600,394298.39,394348.01,394251.9,394251.9,5.82467432
1549950660,394271,394360.99,394250.90001,394278,5.13038578
1549950720,394306.65,394385.98,394220,394286.05,11.5445039
1549950780,394282.26,394286.05,394198.26,394206.92,6.15857992
1549950840,394273.12,394291,394196.01,394255.81619,8.46379106
1549950900,394252.01,394377.73604,394211,394229,19.1495383
1549950960,394240.49997,394245.725,394197.99,394201,5.68321316
1549951020,394192.26,394325,394185,394213.01,7.06914492
1549951080,394255.3,394342.76,394185,394342.76,15.64740442
1549951140,394332.55,394644,394332.55,394503,19.45829698
1549951200,394412,394503,394367,394367,2.77215454
1549951260,394367,394423.4,394272,394333.99,9.28143538
1549951320,394333.99,394385,394259.01,394351.53,12.5873572
1549951380,394334.27,394343.98,394208.26,394273.72005,6.65183976
1549951440,394244.2,394315.25979,394221.63995,394250.53123,8.26049292
1549951500,394288.99,394313.94996,394217.94,394217.94,1.5273588
1549951560,394250,394250,394153,394153,6.062516
1549951620,394162.69,394206.94,394110.02,394118.26,5.672286
1549951680,394114,394184,394032,394032,9.64416782
1549951740,394025,394133,394012.495,394131,24.79619116
1549951800,394097.99,394178.94,394012,394150.99,13.98638964
1549951860,394150.99,394179,393898,394068,24.9259007
1549951920,394027.75,394072,394016,394071,10.1677524
1549951980,394050,394150.30434,394024.88349,394135.99995,19.86438544
1549952040,394149.99,394171,394112,394140,2.88119
1549952280,394054.26,394082,393985.38,393997,4.71042022
1549952340,394016.13,394041.21,393917,393951.01003,3.8058107
1549952400,393955,394062,393887.49,394029.61,16.00679054
1549952460,393974.01,394096.12,393936.5003,393977.01,14.16722284
1549952520,394014,394172,394014,394108.24,21.62445196
1549952580,394036,394158.33,393999.99,394131.51,24.84755156
1549952640,394109.01,394109.01,394069.74,394069.74,3.8801802
1549952700,394070.01,394102.31,393960.47,394026.83,14.43840284
1549952760,393969,394114.06,393968.98995,394034,12.70010914
1549952820,394034.01,394106.45,394014,394106.45,2.713194
1549952880,394103,394106,393989,394030,7.6208107
1549952940,393975.26,394004,393968,394004,3.3535557
1549953000,394003.98999,394010.99,393935.28,393959,2.16604
1549953060,393948.99,393983.7,393916,393935.62,6.8806929
1549953300,393968,394014.5,393926.3,393970,6.58881866
1549953360,393945.01,394145.12704,393929.38,393991.48,17.46289824
1549953420,393979.99995,394032.01,393956,394018.01434,3.35875356
1549953480,394005.97005,394005.97005,393913.17869,393913.17869,7.24595534
1549953540,393970.26,394092.99,393867,393949.48793,27.2450758
1549953600,394050.99,394050.99,393838.68,393994.76,20.73636008
1549953660,394000,394132,393903.26,393955.00005,25.21733494
1549953720,393970.6,393989.01,393881.98,393958.01,8.90585624
1549953780,393945,394020.15,393842.41,393903.02188,9.76157882
1549953840,393930.99,393979,393914.27,393978.99,11.88982136
1549953900,393978.65,394051.5,393963.66,394049.48,5.0745333
1549953960,394043.45882,394133.99,393985.02,393991.27,8.44309304
1549954020,393997.03,394083,393984.01,394030,1.10372454
1549954080,394022,394090.98001,393990.02,393997.25,0.768572
1549954140,393991,394026,393990.1403,394026,0.534698
1549954200,394043,394081.69642,393996,394072.71,2.16445696
1549954260,394025.74,394032,394000,394013,0.74234096
1549954320,394029,394031,394000,394021,0.2102
1549954380,394040.6,394110,394023.01001,394084.37,8.88960838
1549954440,394093.00001,394133,394061.14251,394061.69413,9.31921976
1549954500,394101,394148,394052.94,394111,8.60697178
1549954560,394093,394365.23,394091,394301,21.9167331
1549954620,394266.15949,394339.98,394201.72,394278.00005,15.87269888
1549954680,394321,394509.72,394321,394419.00001,31.19219154
1549954800,394411.14,394454,394287,394334.3,10.28735322
1549954860,394439.07906,394443.10736,394268.01,394270.26,32.33820482
1549954920,394319.19,394353,394268.01,394268.01001,3.50449254
1549954980,394268.01,394281,394222.99,394271,5.02571838
1549955040,394246.74,394268.99,394201,394216,2.62396642
1549955100,394215,394252.5,394090.28,394113.01,11.8954753
1549955160,394089.29,394159.22437,394059.06,394067.74,9.67229602
1549955220,394062.06,394108.85,394019.26,394072.99,14.2175719
1549955280,394099.99,394116.66,394018.90995,394064.74,5.03522152
1549955340,394067.74,394074.87,394013.29,394045.56,3.77264198
1549955400,394078.36,394132.25,393976,394123,10.49558438
1549955460,394128.99,394215.99,394104.01,394195.01,15.56915658
1549955520,394215.99,394385,394178.23,394287.99,29.11352626
1549955580,394280,394416.98,394280,394335.00005,13.97833426
1549955640,394322.3,394373.05,394314.79,394314.79,2.92242644
1549955700,394356.79,394441,394290.69,394341.99,3.8473476
1549955760,394381,394441,394304.02,394332.21,8.81213492
1549955820,394305.38,394315,394029,394170.55,34.40274482
1549955880,394154.6,394154.6,394023.75,394062,10.50745582
1549956000,393996.36709,394021.18,393942.3,394021.18,2.69318918
1549956060,394031.23,394178.82,393985,394054.01001,21.40599398
1549956120,394108,394108,394039.51125,394080.77895,2.76921728
1549956180,394081.34,394092.33,393856,394027.99,11.09477302
1549956240,394027.99,394093.6,394002.00995,394093.6,3.48340154
1549956300,394076.73,394140.72,394040,394122.01,4.0203626
1549956360,394144.77,394157,394032,394059.27,14.47143734
1549956420,394080.26,394094.87999,393881.37034,394004,10.37381672
1549956480,394004,394026.54,393944.82,393983.39,5.7060284
1549956600,394023.9,394103.61,394023.9,394068,2.03796422
1549956660,394081.4,394093,394003.99,394061.26,3.1735139
1549956720,394052,394100.25,394052,394093.2,0.41038406
1549956780,394103.61,394103.61,394061.42,394092.65,0.88069
1549956840,394103.61,394166.99,394084.85,394120.1,2.61909452
1549956960,393936.25,394132.71,393936.25,394074.01,14.63169856
1549957020,394027.61,394037,393777.00001,393938,58.9952918
1549957080,393938,394050,393903,393984.54,15.7224637
1549957140,393958.5,394142.27,393903,394037.00005,39.98905844
1549957200,394043.7825,394120,394025,394025,8.0602452
1549957260,394025,394058.47,393974,394038.23,15.58687144
1549957320,394063.88,394167.25,394002.56,394085.48,19.05272566
1549957380,394085.99,394166.125,394069,394126.99,13.41449814
1549957440,394125.6278,394209.99,394087,394113,7.78128484
1549957500,394073.34,394197,394073.34,394154,16.10524634
1549957560,394153.99,394199,393990.62,394019.25,13.84133626
1549957620,394010,394042,393962.38,394025,10.4640754
1549957680,393994,394186,393964.39,394147,33.5717595
1549957740,394147,394319,394081.05,394158.99995,39.70331822
1549957800,394202.99,394283,394128.3,394226.17,13.90285952
1549957860,394295.99003,394500,394243.5,394388.01,38.14684174
1549957920,394342.38,394450,394342.38,394423,16.97800386
1549957980,394423.01,394425.99,394352.86751,394352.86752,5.47535026
1549958040,394412.98999,394465,394336.01,394440.00003,9.41012308
1549958100,394440.00003,394497.99999,394361,394361,11.8638946
1549958160,394359.21,394492,394359.21,394406.4,4.89820724
1549958220,394466.99,394492.88003,394415.51,394489.88,3.01217126
1549958280,394415.51001,394497,394415.51001,394429.02003,0.74767258
1549958340,394415.51,394457.87,394353,394363,9.84255644
1549958400,394378,394395,394341.8,394367,1.88936308
1549958460,394380,394397,394321,394346,8.69744598
1549958520,394324,394370.45,394312,394323,3.23214732
1549958580,394310.28,394360,394216,394267.01,8.66038482
1549958700,394234.53711,394347.66,394225,394255.87995,6.98396216
1549958760,394247.18,394247.18,394102.33,394128.74,19.00281606
1549958820,394151.74,394151.74,393946,394040.99,35.68755758
1549958940,394060.26,394097.49,394030.67,394081.99999,7.56581378
1549959000,394042,394077,394006,394064,4.28920002
1549959060,393988.50995,394025.97,393901,393954.99,17.78184464
1549959120,393962,393998,393895,393961,11.59202386
1549959240,394080,394119.7,394019,394065.5,6.77426684
1549959300,394062,394122.99999,393968,393969,8.62723926
1549959360,394006.99,394006.99,393916.72,393965.25,3.3405536
1549959420,393909.22,393984,393833.99995,393842.50002,8.6318474
1549959480,393849.29,393972.5,393840,393887,5.3495891
1549959540,393964.38,393973,393954.68,393970,3.76208718
1549959600,393906.00005,394027.99,393889,393959.99,18.13270404
1549959660,393953.74,393997,393841.12,393852.9,2.71286992
1549959720,393879.71,393924,393837.07,393896.99,1.71245216
1549959780,393896.99,393934,393789.95,393789.95,15.83829024
1549959840,393789.95,393832.55,393645.09,393645.09,20.06848604
1549959900,393669,393765.36,393624,393765.36,30.84394932
1549959960,393718.02943,393761,393632.7646,393719.01,13.32694122
1549960020,393701,393743.72999,393655,393685,5.9048286
1549960080,393685.01,393811.75,393665.01,393714.5,23.4265235
1549960140,393714.5,393714.5,393397,393503,43.4102486
1549960200,393503,393580.5,393111,393446,118.4651688
1549960260,393553.00003,393556,393281,393406.49927,43.38015136
1549960320,393406.49927,393406.49927,393000,393031.2,73.0421529
1549960380,393031.2,393363,393000,393210.47,90.61720898
1549960440,393241.1,393608.91,393229.52,393423.90745,47.6636565
1549960500,393422.90745,393530,393372,393445.25,14.8732717
1549960560,393442.26,393644,393419.73,393554.78,7.37925196
1549960620,393554.78,393584.99,393460.43,393460.43,4.34105992
1549960680,393516,393596.99,393508.96,393596.99,8.2183784
1549960860,393448.62,393448.62,393075.54,393314,31.65812944
1549960920,393220.84019,393308.7,393168.99,393168.99,12.44331842
1549960980,393172,393227,393056.09,393124,18.31544936
1549961040,393137,393148.99,392848,392942,65.30256984
1549961100,392956.05,393052,392513.00001,392975,79.27333306
1549961160,392975,392994.97,392695.67,392882.58,33.92043586
1549961220,392845.01,393128.99,392844.01,393113.99,37.60349996
1549961280,393127,393225.51801,393038.99995,393148.99,24.20252888
1549961340,393148.99,393381,393148.99,393369.25,37.59657996
1549961460,393330,393425,393278.66,393409.99,20.06229102
1549961520,393410,393446.83,393320.07001,393433,6.46764428
1549961640,393358.78001,393501,393301.01,393357.1,9.46648926
1549961700,393351.09,393404.99,393308.38,393404.99,12.16192716
1549961760,393404.98,393419.51,393277.26,393342,7.08588608
1549961820,393345,393363.14,393300,393307.1568,3.24076844
1549961880,393307.15681,393502.5,393307.15681,393444,18.39921036
1549961940,393472,393508.74,393389.57,393389.57,10.13735108
1549962060,393479.66,393548.25,393403.41,393471.64999,20.43445838
1549962120,393466.97,393504,393399.29,393423.99,2.41
1549962180,393423.98929,393506.85,393392.38,393498.99,4.80764098
1549962240,393498.99,393670.27,393400,393618.99,21.47715888
1549962300,393618.99,393865.99999,393614.34,393708,27.67552862
1549962600,393823,393998,393822,393857.53,18.95665526
1549962660,393932.99,393932.99,393800,393835.99,13.92082994
1549962720,393854.99,393857.99,393747.72,393816.25,14.4640078
1549962780,393816.25,393816.25,393666.99995,393666.99995,5.90121354
1549962840,393666.99995,393790,393652,393759.94,10.64847522
1549962960,393548,393548,393361.66,393376.92,27.35236154
1549963020,393394.67,393478,393394.67,393475,13.92284142
1549963080,393475.46,393548.46999,393460,393499.35,6.69420246
1549963140,393518.74,393592,393484,393547,5.18317402
1549963200,393561,393589.64,393070.17001,393537,36.93307388
1549963260,393265,393534.12,393103,393397.19,8.18423542
1549963320,393398.2,393498.99,393300,393402.74,37.65789864
1549963380,393487,393557,393378.17,393514.97,11.0595551
1549963440,393557,393599.98999,393512,393561.55,21.40087194
1549963500,393558.43,393641.01,393554.99,393637,4.576122
1549963560,393636.65,393639,393479,393479,21.00578774
1549963620,393478,393478,393287,393353,22.82656058
1549963680,393398.6,393412,393278.92,393352.56,25.81662568
1549963740,393320.4948,393593.99,393244,393442.62,107.86506856
1549963800,393446.94,393608.73,393277.76209,393277.76209,56.4776736
1549963860,393426.26,393515,393200,393377.37,45.40255438
1549963920,393318.64,393436.65,393304.62,393364,10.44996166
1549963980,393364,393569,393240.83,393289.22,44.56057606
1549964040,393311.26,393400,393184,393304.97,35.49349182
1549964100,393318.7,393433.4,393286.27,393412,14.15195698
1549964160,393440.67,393466.96,393253,393253,7.4179738
1549964220,393224.74,393292.14,393150,393150,6.52328902
1549964280,393190.53,393224.19,393066,393128.99,12.0599023
1549964340,393120.54,393147.99,393020,393104.575,12.44416814
1549964400,393107.38,393163.43,392900,392967.25005,17.97913026
1549964460,392923.7,393074.54,392923.7,393070.18,13.08409586
1549964520,393004.18559,393100,392995.44,393046,15.56542954
1549964580,393046.01,393114,393002.49499,393114,17.00348234
1549964640,393111.01,393204,392974.38,393169,22.59522332
1549964700,393098.01,393165.97,393014,393038,10.84810482
1549964760,393038.01,393049.77,392927.12,393009,24.00904946
1549964820,393002,393121.53,392987.62,393093.90999,14.2320112
1549964880,393106.88,393106.88,393015.01,393031.01,6.17260354
1549964940,393031.02,393544.78301,393028,393352.95,69.46220756
1549965000,393365.1,393431,393243,393380,18.7007964
1549965060,393431,393555,393295,393296.75,42.5531175
1549965120,393408,393465.29,393233,393389.96,20.16269786
1549965180,393391,393528,393391,393454.56,13.68647946
1549965240,393513,393518.74,393360,393360,11.04926546
1549965300,393392.3,393496,393367.7,393405,12.75713658
1549965360,393431.61,393532.34,393431.61,393454,8.36098786
1549965420,393476.21995,393501.48,393256,393474,25.1121388
1549965480,393477.01,393517,393442.35,393508.33,3.3248493
1549965540,393508.33,393508.33,393459.86,393459.86,2.15999932
1549965600,393443.94,393444.53,393383.26,393443.37625,7.39969646
1549965660,393451.82,393451.82,393425.01,393425.01,0.52454796
1549965720,393418.22,393460,393387.50751,393410.75758,0.956
1549965780,393462.99,393494,393399.54,393470,6.31819916
1549965840,393462.18,393501.14949,393431,393501.14949,2.06506148
1549965900,393508.33,393604.85995,393498.14,393518.38,14.07911374
1549966020,393720,393772,393627.01,393756.49999,20.57297048
1549966080,393764,393779.41,393648,393677,22.88530912
1549966140,393670.52,393744.66999,393670.52,393742.71983,0.79667706
1549966200,393698,393773.94,393613,393771.81,12.8084701
1549966260,393750.44,393983.41,393750,393778,62.03344012
1549966320,393777.99,393838.28,393538,393689.96,38.30835372
1549966380,393691,393703.12,393586,393586,7.34841634
1549966440,393590.74,393590.74,393207,393443.99999,47.34947116
1549966500,393362.01,393372,393257.34,393275,18.50149416
1549966560,393275,393275,393056,393076,20.48722668
1549966620,393096.99,393255,393096.99,393178.73,23.26294004
1549966680,393178.73,393207,393090.96,393149.99,15.24133672
1549966740,393178.73,393191.72,393080.01,393080.01,9.8552147
1549966800,393071.29,393189.45,393065.015,393117.92,7.23793686
1549966920,393079,393107.89,392940.62,393005,30.51736808
1549966980,393040.01,393094.16,392864.44,392865.44001,50.68695454
1549967040,392860.08,393086.63312,392799.89187,393045.26,74.920486
1549967100,393038.01,393039.01,392771,392894.99,52.45437352
1549967160,392924.88,392973,392885.27,392930.99,8.09358
1549967220,392930.99,392974.75,392794.7916,392962.94,21.741501
1549967280,392949,392960.12,392859.74,392920.99,23.7354743
1549967340,392920.99,393092,392813.76,393059.21,26.7796137
1549967400,393076.26,393103.75,392877,392955.99,16.96150874
1549967460,392976.99,393191.7,392976.99,393086,33.7162741
1549967520,393159,393183.73,393045.13,393086.26,6.49494274
1549967580,393127.00005,393142.99999,393057,393111.99999,9.20699722
1549967640,393055.99,393055.99,392976.09,393044.26,6.2705027
1549967700,393025.23,393061.99,392903.67,392955.83,8.96797068
1549967760,392941.5,393015.67,392932,393001.76,7.55460118
1549967820,392983.49,393044.00005,392835.47641,392988.13,20.7334467
1549967880,393000.5,393000.93,392911.28,392942.79,2.6841826
1549968000,392923.11396,392951.99,392872.375,392909.78783,4.4238695
1549968060,392892.13,393021.78,392879.09,393000.2,26.9266262
1549968120,392939.16,393051.22,392939.16,393051.22,13.54848296
1549968180,393005.01,393049.99,392811.8,392904.8,20.24382732
1549968240,392893.11,392944,392868.06,392898.00001,5.4930892
1549968300,392903.81,392914.47,392849.1,392897.9,10.0183591
1549968360,392879,392907.83,392804.99995,392844.99,10.12859004
1549968420,392865.37,393080.62,392846,392983.01,14.3444842
1549968480,393058.74,393079.46,392957.68,393003,21.78280848
1549968540,393004.28,393089.16625,392926.51,392926.51,11.99975058
1549968600,392957.69,393242.71999,392924.77,393086.54,54.15623704
1549968660,393099.1,393335.05,393099.1,393260.42,48.33287048
1549968720,393190,393259,393134.01,393136,19.32034176
1549968780,393136.01,393214.62,393049.87,393075,23.29537314
1549968840,393055,393128.56,393006,393096.99,7.1738
1549968900,393073.99,393160.03,393005,393033.7,24.7228255
1549968960,393092,393122,393014.74001,393110,6.75624268
1549969020,393083.46797,393109.57474,393047,393104,9.35043288
1549969080,393104,393128.99,393005,393093.42,15.35494778
1549969140,393096.46,393159,393093.46,393159,10.74165514
1549969200,393142.26,393300.62,393088.01,393089.44,20.07751584
1549969260,393168.57,393218.36,393090,393173,12.298
1549969320,393173,393224,393064,393111.51,21.1421034
1549969380,393065.27,393124.25,393018,393119.58,10.93237024
1549969440,393145.75,393248,393106.2,393203.4,10.48001886
1549969500,393186,393328.03,393174.74,393268.51,10.74502924
1549969560,393318.22,393330,393267.8,393289,1.3312
1549969620,393269.27,393330,393233.47,393283,4.9660545
1549969680,393313,393355,393313,393318,1.4944
1549969740,393321.01,393700,393219,393596.03,62.07198136
1549969800,393587.02,393764.87,393136,393356.7,106.5251317
1549969920,393448.99999,393481.97,393381,393451,14.9306601
1549969980,393381.00002,393486.47,393329,393370.99,28.73800266
1549970040,393370.99,393394.48,393245,393245,20.50156248
1549970100,393245,393680.11,393245,393629.75,73.04406036
1549970220,393508.33,393644,393448.13,393590,10.95274768
1549970280,393644,393644,393454,393454,7.4383153
1549970340,393454,393508,393331,393500.19,29.7561761
1549970400,393492.99,393527.55,393408,393480.04,7.46033106
1549970460,393485.02,393494.37,393304,393352.56,21.29626902
1549970520,393363.25,393384.69,393130,393289.63,29.35639594
1549970580,393349.98999,393412.2,393277.78,393347.03,46.51495802
1549970640,393339.3,393527.91,393257.34,393372.25,20.15853406
1549970700,393396,393502,393344.25995,393413.98,15.1745798
1549970760,393376,393670.14999,393317.3,393429,16.21800794
1549970820,393399,393411,393299.75,393299.75,15.254414
1549970880,393357.53,393450.88,393265,393394,6.59148402
1549970940,393409,393507,393302,393477.59,16.5759189
1549971000,393501.26,393506,393390,393410.83,9.38662184
1549971060,393434.99,393455.99,393328.8,393372.2,6.470728
1549971120,393358.8,393399.25,393216.1009,393315.21,17.11222104
1549971180,393317.99,393334.42,393206.04,393232.92,19.47184896
1549971240,393233.9,393257.6,393178.73,393229.51999,11.46721408
1549971300,393256.5,393303.58665,393218.9,393303.58665,4.86135798
1549971360,393303.99,393327.375,393269.59,393327.375,3.65894532
1549971420,393326.63,393362.73,393265,393307.99,9.0427607
1549971480,393311.92,393339.99,393180,393180.01,12.5293817
1549971540,393200.57,393259,393146.65,393259,22.91139382
1549971600,393224.06,393259,393000,393142.99,22.07917212
1549971660,393153.37,393210.62,393102.27995,393122.42005,20.83001066
1549971720,393158,393179.09,393099.99,393104.95,7.91715606
1549971840,393128.99,393179.58686,393048.38171,393048.38171,5.321838
1549971900,393117.99,393209.62,393050.35501,393199.64,10.18928184
1549971960,393205,393280.57,393146.61,393273.73,10.47651008
1549972020,393231.92,393274.97,393172.28,393172.28,7.4595752
1549972080,393214.14,393273.72,393147,393188.67,8.3632314
1549972140,393191.67,393247.99,393188.67,393244.99,2.26731772
1549972200,393258.64,393373.56,393258.64,393359.00167,16.72018152
1549972260,393302.11001,393397.43,393302.11001,393393.71,6.75243364
1549972320,393388,393465.39,393319.61,393414,7.96955164
1549972380,393408,393496,393378.695,393496,7.26608202
1549972440,393452.05,393590.99,393452.05,393583,12.86468596
1549972500,393569.25,393904.86999,393537,393597.98,42.4225117
1549972560,393597.98,393597.98,393478.28,393478.28,8.8748113
1549972620,393519.25,393628.99,393473,393611.99,17.85326816
1549972680,393603.01005,393712.36,393594.59,393640.42,10.1622709
1549972740,393640.42,393670.85,393599.35,393638.99,2.07905588
1549972800,393638.99,393705.32,393574.5,393635.2,7.32893324
1549972860,393704.98,393793,393595.01,393600,10.86420278
1549972920,393668,393689.98,393634.5,393650.01001,4.47165472
1549972980,393692.77,393792,393678.97,393737,12.17073344
1549973040,393791.99,393866,393692.07995,393741.39806,17.58614742
1549973100,393708.59,393785.64999,393700,393749.56656,3.13748
1549973160,393749.56656,393797.715,393700.37001,393742.05,2.2348
1549973220,393748.715,393856,393708.75,393836,39.7564183
1549973280,393836,394044.46,393820,393918.67,28.049
1549973340,393988,394165.12,393852,393883.24985,49.7787046
1549973400,393934,393960,393622,393692,32.22705486
1549973460,393692,393818.95,393652.01,393665.79,12.37616226
1549973520,393667.25,393675.53,393592,393639.29,3.48409104
1549973580,393623,393729.63,393566,393720,10.871549
1549973700,393519.26,393806.60459,393519.26,393795,21.05142314
1549973760,393773.86,393837.06,393724,393814.01,21.98905404
1549973820,393813.80187,393865.895,393779,393865.2,8.82251026
1549973880,393865.01,393889.11999,393755,393791,17.803981
1549973940,393828,393828.00005,393731.02001,393794,18.55134726
1549974060,393735,393764.22,393700,393744.05,5.937154
1549974120,393753.99,393831.97,393700,393820.24,4.98683126
1549974180,393839,393906.01,393750.02,393843.23,11.43894386
1549974240,393871.25,393906.73,393855,393855,10.55872262
1549974300,393842.02,393902.11,393700,393760.26,21.08315866
1549974360,393748.71,393829.7,393712,393829.7,6.76260836
1549974420,393829.7,393978,393825,393897,6.85013412
1549974480,393947.81,394017,393801,394017,16.3225609
1549974540,394029.82965,394056,393846.3081,394020.3,25.6386082
1549974600,394021.7,394051.01,393989.33027,394038,4.35524226
1549974660,394035,394183.21,394016,394171.01,12.7949823
1549974720,394171.01,394329,394030.55,394255.63,55.3369481
1549974780,394248.96,394291.65,394141.99995,394172.33,23.86505126
1549974840,394172.33,394223,394000,394039.01,28.86085628
1549974900,394078,394182.22,394038.6,394162.6,16.32304522
1549974960,394162.6,394202,394074.28,394199.01,12.86047368
1549975020,394186.14,394194.01,394099.27,394194.01,12.99036342
1549975080,394194.01,394280.94,394194.01,394247.31,18.3012613
1549975140,394247.31,394443,394232.46,394422.01,26.81280248
1549975200,394387.66,394484.9,394316.02,394350.01,49.96622068
1549975260,394329.71,394544.44445,394265,394532.97999,43.58983934
1549975320,394458.01,394803.37,394420,394716.53,92.45854572
1549975380,394716.63,394802.32,394486.72995,394760,91.21420902
1549975440,394646.01,394801,394335.42,394471,81.35808846
1549975500,394422.99,394526.70005,394355,394439.74998,17.51352672
1549975560,394461.47,394545.22,394406.51,394478.49,19.24768646
1549975740,394897.6,394923,394630.95,394850.99,77.76420296
1549975800,394808,394812.77,394511,394512.07,36.78734432
1549975860,394585.26,394656.97,394446.18,394542,58.7845967
1549975920,394490.74,394490.74,394003.57,394291,69.93683268
1549975980,394316.75,394706.69566,394284.7,394309,87.832646
1549976040,394305.00001,394640.37,394300,394530.34,29.89311984
1549976100,394530.34,394591.32,394300,394334,34.95518766
1549976160,394300,394480.1,394298,394305,40.59231956
1549976220,394295.99,394458.54,394289.02,394411,29.80503594
1549976280,394411,394560,394303.15,394536.33,27.27792626
1549976340,394590.7,394613.86,394474.84,394586.1,34.97419908
1549976400,394524,394561.69,394378.68277,394538.74,20.74719396
1549976460,394544.74,394581.18,394493.01,394540.49,19.53235546
1549976520,394540.49,394589.22,394329,394468.22,15.90827754
1549976580,394470.26,394470.26,394164.99995,394368.65,44.83594106
1549976700,394201.99,394327.89,393921,394325.3,43.25701766
1549976760,394305.81,394457,394236.02,394394.03,24.0285427
1549976820,394419,394451.62999,394358,394451.62999,8.88067348
1549976880,394459.99,394674,394366,394578.2,41.5384959
1549976940,394534.2,394574.06848,394425.71,394486.99,11.76393728
1549977000,394427.37,394587.08,394352,394520,8.32070842
1549977180,394514.02,394684.99,394308.01,394443,35.84128562
1549977240,394406.02,394457.72,394400.06,394442.26,4.21292316
1549977300,394457.64,394457.64,394343.28,394343.28,4.931
1549977540,394677.72,394775.22,394610.68,394725.87,21.2299495
1549977600,394636,394645.47,394286.78,394489.26,28.14669578
1549977660,394508.05,394558.82005,394222,394378.84,23.37725868
1549977720,394364.75,394469.37,394333.01001,394444.01,19.73034274
1549977780,394442,394523.97,394297,394408,41.0913967
1549977840,394395,394531.01,394319,394455,11.0180421
1549977900,394487.99,394540.04,394210.5406,394306.23,27.28784954
1549978020,394155.74,394275.9,394084.6,394185.24,10.32535628
1549978080,394187.01,394424.97,394001,394278.25,34.23586292
1549978140,394288.23,394391,394128.01,394167.55,11.62500264
1549978200,394145.7,394273.64,394142.70001,394273.64,5.4953405
1549978260,394208.75,394273.64,394051.84,394100.78,19.4556393
1549978320,394095.01,394149,393935,394099.81,31.43677356
1549978380,394054,394092,393825,393971.99,33.42229928
1549978440,393908.02003,393908.63,393513,393754,34.10760718
1549978500,393754,393875,393529,393792.40198,21.76729584
1549978560,393778.01,393928.75,393701.43001,393906.73975,8.9074273
1549978620,393879.74,394160,393798.74,394141,43.52748156
1549978680,394127.09,394200,394012.07,394158.26,32.32386476
1549978740,394149.56,394309.99,394147.34,394205.49,24.85363802
1549978800,394192,394488,394121.41,394248.04405,31.4933919
1549978860,394266,394360.99,394219.21,394346.11999,10.02868192
1549978920,394282.024,394337.32,394200.92,394314.99,5.04160196
1549978980,394269.76,394314.98,394169,394243,9.47220822
1549979040,394266.26,394413,394249,394333.802,14.97046108
1549979100,394334,394385.16,394278.69,394321.816,5.30697772
1549979160,394360.52,394371,394177.66891,394314.05,12.0912078
1549979220,394355.71,394488,394244,394334.99999,11.91149186
1549979280,394334.99999,394335.00501,394233.41,394335.00501,2.6917766
1549979340,394338.50251,394357.54409,394295.843,394351.29,2.28710626
1549979400,394301,394446.4,394286.36625,394387,6.6368919
1549979460,394351.966,394571.64137,394332.71,394443.16,12.22301476
1549979520,394505,394561.48,394418,394505.18,3.5628534
1549979580,394488.77,394593.88,394451,394483.748,11.68727006
1549979700,394556.56,394591.99,394474,394475.00002,4.4631395
